{
    "version": "2.0.0",
    "tasks": [
        {
            "type": "shell",
            "label": "clang build active file",
            "command": "/usr/bin/clang",
            "args": [
                "-g",
                "${file}",
                "-o",
                "${fileDirname}/${fileBasenameNoExtension}"
            ],
            "options": {
                "cwd": "/usr/bin"
            },
            "problemMatcher": [
                "$gcc"
            ],
            "group": "build"
        },
        {
            "type": "shell",
            "label": "clang-6.0 build active file",
            "command": "/usr/bin/clang-6.0",
            "args": [
                "-g",
                "${file}","${workspaceFolder}/Asteroids/hr_time.c",
                "-o",
                "${fileDirname}/asteroids",                
                "-lSDL2",
                "-lSDL2_image",
                "-lm"
            ],
            "options": {
                "cwd": "/usr/bin"
            },
            "group": {
                "kind": "build",
                "isDefault": true
            }
        }
    ]
}